User6671,8
User2533,8
User2359,8
User0566,8
User0454,9
User6172,3
User7669,7
User7401,8
User7296,8
User7205,10
User7135,10
User6998,10
User6607,8
User6533,8
User6466,13
User6438,8
User6410,7
User6323,8
User6239,8
User6225,8
User6124,8
User6017,7
User5715,7
User5513,13
User5449,7
User5428,10
User5325,13
User5280,8
User5268,8
User5265,13
User5003,8
User5002,8
User4763,8
User4690,7
User4639,15
User4568,13
User4520,8
User4513,8
User4377,7
User4293,8
User4225,10
User4135,7
User3932,7
User3863,7
User3833,15
User3802,10
User3685,8
User3667,13
User3649,8
User3565,8
User3426,15
User3394,8
User3179,8
User3088,13
User3058,8
User2985,13
User2891,8
User2886,7
User2874,13
User2865,13
User2727,9
User2704,7
User2562,8
User2515,7
User2330,8
User2177,8
User2161,15
User2114,7
User2018,8
User1954,15
User1861,8
User1832,13
User1823,7
User1779,8
User1739,7
User1644,8
User1612,10
User1583,8
User1542,7
User1537,7
User1512,8
User1373,13
User1354,8
User1330,8
User1281,7
User1181,13
User1090,13
User0907,8
User0602,13
User0505,15
User0469,15
User0432,15
User0421,7
User0419,7
User0416,13
User0414,7
User0410,8
User0395,13
User0373,8
User0343,15
User0323,10
User0263,15
User0193,7
User0158,15
User0149,8
User0136,7
User0113,8
User0074,8
User0064,10
User0063,13
User0058,15
User1696,9
User0500,9
User2479,9
User3953,17
User3421,17
User6735,17
User3288,17
User0510,3
User3379,4
User7433,4
User2673,4
User2866,4
User0231,4
User4370,4
User5889,7
User6171,15
User7299,15
User0483,15
User1401,15
User0462,15
User7315,15
User0654,15
User4999,8
User1657,11
User0548,16
User0350,16
User6227,16
User2950,16
User4349,16
User0020,8
User2837,8
User2644,8
User0093,15
User0345,15
User6019,16
User2066,3
User0878,9
