User0455,15
User0454,18
User7690,9
User7433,17
User7084,17
User6886,17
User6829,17
User6674,17
User6479,17
User6368,9
User6256,17
User5898,17
User5823,17
User5786,17
User5399,9
User5384,17
User4795,15
User4631,17
User4571,17
User4496,17
User4444,17
User4348,17
User3926,17
User3871,9
User3504,17
User3396,12
User3166,17
User3152,17
User2590,9
User2370,15
User1516,15
User0906,17
User0822,15
User0664,15
User0530,15
User0505,17
User0500,15
User0483,15
User0469,17
User0382,9
User0359,17
User0205,17
User0186,17
User0134,17
User0124,12
User0093,15
User0015,15
User3470,14
User6581,14
User2613,14
User5557,11
User3520,11
User7216,15
User6726,15
User5515,15
User4328,15
User1640,18
User7261,18
User3938,18
User0261,18
User2955,12
User4312,12
